{"cameraMode":{"drawMode":0,"name":"Shaded","section":"Shading Mode"},"sceneLighting":true,"audioPlay":false,"sceneViewState":{"showFog":true,"showMaterialUpdate":false,"showSkybox":true,"showFlares":true,"showImageEffects":true,"showParticleSystems":true},"in2DMode":false,"pivot":{"x":11.682403564453125,"y":12.768455505371094,"z":-18.537761688232423},"rotation":{"x":0.21497248113155366,"y":-0.41548243165016177,"z":0.10219274461269379,"w":0.8780196905136108},"size":22.0,"orthographic":false}