{"cameraMode":{"drawMode":0,"name":"Shaded","section":"Shading Mode"},"sceneLighting":false,"audioPlay":false,"sceneViewState":{"showFog":true,"showMaterialUpdate":false,"showSkybox":false,"showFlares":true,"showImageEffects":true,"showParticleSystems":true},"in2DMode":false,"pivot":{"x":1048.9185791015625,"y":413.24493408203127,"z":618.6718139648438},"rotation":{"x":0.05727977305650711,"y":-0.005675792694091797,"z":0.0003734843048732728,"w":0.99840247631073},"size":928.792236328125,"orthographic":false}